[
{
  "model": "admin.logentry",
  "pk": 1,
  "fields": {
    "action_time": "2026-01-26T12:57:17.659Z",
    "user": 10,
    "content_type": 2,
    "object_id": "1",
    "object_repr": "Parent",
    "action_flag": 1,
    "change_message": "[{\"added\": {}}]"
  }
},
{
  "model": "admin.logentry",
  "pk": 2,
  "fields": {
    "action_time": "2026-01-26T12:57:24.243Z",
    "user": 10,
    "content_type": 2,
    "object_id": "2",
    "object_repr": "Student",
    "action_flag": 1,
    "change_message": "[{\"added\": {}}]"
  }
},
{
  "model": "admin.logentry",
  "pk": 3,
  "fields": {
    "action_time": "2026-01-26T12:57:29.280Z",
    "user": 10,
    "content_type": 2,
    "object_id": "3",
    "object_repr": "Teacher",
    "action_flag": 1,
    "change_message": "[{\"added\": {}}]"
  }
},
{
  "model": "admin.logentry",
  "pk": 4,
  "fields": {
    "action_time": "2026-01-26T13:25:11.435Z",
    "user": 10,
    "content_type": 4,
    "object_id": "9",
    "object_repr": "MaxPayne",
    "action_flag": 2,
    "change_message": "[{\"changed\": {\"fields\": [\"Groups\"]}}]"
  }
},
{
  "model": "admin.logentry",
  "pk": 5,
  "fields": {
    "action_time": "2026-01-26T13:27:41.463Z",
    "user": 10,
    "content_type": 15,
    "object_id": "1",
    "object_repr": "Subject object (1)",
    "action_flag": 1,
    "change_message": "[{\"added\": {}}]"
  }
},
{
  "model": "admin.logentry",
  "pk": 6,
  "fields": {
    "action_time": "2026-01-26T13:27:54.454Z",
    "user": 10,
    "content_type": 15,
    "object_id": "2",
    "object_repr": "Subject object (2)",
    "action_flag": 1,
    "change_message": "[{\"added\": {}}]"
  }
},
{
  "model": "admin.logentry",
  "pk": 7,
  "fields": {
    "action_time": "2026-01-26T13:28:01.636Z",
    "user": 10,
    "content_type": 15,
    "object_id": "3",
    "object_repr": "Subject object (3)",
    "action_flag": 1,
    "change_message": "[{\"added\": {}}]"
  }
},
{
  "model": "admin.logentry",
  "pk": 8,
  "fields": {
    "action_time": "2026-01-26T13:30:03.529Z",
    "user": 10,
    "content_type": 15,
    "object_id": "1",
    "object_repr": "Mathematics",
    "action_flag": 2,
    "change_message": "[{\"changed\": {\"fields\": [\"Name\"]}}]"
  }
},
{
  "model": "admin.logentry",
  "pk": 9,
  "fields": {
    "action_time": "2026-01-26T13:30:14.541Z",
    "user": 10,
    "content_type": 15,
    "object_id": "4",
    "object_repr": "Physics",
    "action_flag": 1,
    "change_message": "[{\"added\": {}}]"
  }
},
{
  "model": "admin.logentry",
  "pk": 10,
  "fields": {
    "action_time": "2026-01-26T13:30:24.834Z",
    "user": 10,
    "content_type": 15,
    "object_id": "5",
    "object_repr": "History",
    "action_flag": 1,
    "change_message": "[{\"added\": {}}]"
  }
},
{
  "model": "admin.logentry",
  "pk": 11,
  "fields": {
    "action_time": "2026-01-26T13:30:31.244Z",
    "user": 10,
    "content_type": 15,
    "object_id": "6",
    "object_repr": "Geography",
    "action_flag": 1,
    "change_message": "[{\"added\": {}}]"
  }
},
{
  "model": "admin.logentry",
  "pk": 12,
  "fields": {
    "action_time": "2026-01-26T13:30:37.546Z",
    "user": 10,
    "content_type": 15,
    "object_id": "7",
    "object_repr": "Literature",
    "action_flag": 1,
    "change_message": "[{\"added\": {}}]"
  }
},
{
  "model": "admin.logentry",
  "pk": 13,
  "fields": {
    "action_time": "2026-01-26T13:30:46.241Z",
    "user": 10,
    "content_type": 15,
    "object_id": "8",
    "object_repr": "English",
    "action_flag": 1,
    "change_message": "[{\"added\": {}}]"
  }
},
{
  "model": "admin.logentry",
  "pk": 14,
  "fields": {
    "action_time": "2026-01-26T13:30:57.791Z",
    "user": 10,
    "content_type": 15,
    "object_id": "9",
    "object_repr": "Computer Science / Information Technology",
    "action_flag": 1,
    "change_message": "[{\"added\": {}}]"
  }
},
{
  "model": "admin.logentry",
  "pk": 15,
  "fields": {
    "action_time": "2026-01-26T13:31:05.754Z",
    "user": 10,
    "content_type": 15,
    "object_id": "10",
    "object_repr": "Physical Education (PE)",
    "action_flag": 1,
    "change_message": "[{\"added\": {}}]"
  }
},
{
  "model": "admin.logentry",
  "pk": 16,
  "fields": {
    "action_time": "2026-01-26T13:31:11.824Z",
    "user": 10,
    "content_type": 15,
    "object_id": "11",
    "object_repr": "Art",
    "action_flag": 1,
    "change_message": "[{\"added\": {}}]"
  }
},
{
  "model": "admin.logentry",
  "pk": 17,
  "fields": {
    "action_time": "2026-01-26T13:31:18.385Z",
    "user": 10,
    "content_type": 15,
    "object_id": "12",
    "object_repr": "Music",
    "action_flag": 1,
    "change_message": "[{\"added\": {}}]"
  }
},
{
  "model": "admin.logentry",
  "pk": 18,
  "fields": {
    "action_time": "2026-01-26T13:31:30.154Z",
    "user": 10,
    "content_type": 15,
    "object_id": "13",
    "object_repr": "Social Studies",
    "action_flag": 1,
    "change_message": "[{\"added\": {}}]"
  }
},
{
  "model": "admin.logentry",
  "pk": 19,
  "fields": {
    "action_time": "2026-01-26T13:31:35.956Z",
    "user": 10,
    "content_type": 15,
    "object_id": "14",
    "object_repr": "Economics",
    "action_flag": 1,
    "change_message": "[{\"added\": {}}]"
  }
},
{
  "model": "admin.logentry",
  "pk": 20,
  "fields": {
    "action_time": "2026-01-26T13:31:52.083Z",
    "user": 10,
    "content_type": 15,
    "object_id": "15",
    "object_repr": "Civics",
    "action_flag": 1,
    "change_message": "[{\"added\": {}}]"
  }
},
{
  "model": "admin.logentry",
  "pk": 21,
  "fields": {
    "action_time": "2026-01-26T13:42:57.050Z",
    "user": 10,
    "content_type": 12,
    "object_id": "1",
    "object_repr": "2015A",
    "action_flag": 1,
    "change_message": "[{\"added\": {}}]"
  }
},
{
  "model": "admin.logentry",
  "pk": 22,
  "fields": {
    "action_time": "2026-01-26T14:11:05.015Z",
    "user": 10,
    "content_type": 12,
    "object_id": "1",
    "object_repr": "A class 2015",
    "action_flag": 3,
    "change_message": ""
  }
},
{
  "model": "admin.logentry",
  "pk": 23,
  "fields": {
    "action_time": "2026-01-26T14:13:09.959Z",
    "user": 10,
    "content_type": 12,
    "object_id": "2",
    "object_repr": "A class 2021",
    "action_flag": 1,
    "change_message": "[{\"added\": {}}]"
  }
},
{
  "model": "admin.logentry",
  "pk": 24,
  "fields": {
    "action_time": "2026-01-26T14:14:00.976Z",
    "user": 10,
    "content_type": 13,
    "object_id": "1",
    "object_repr": "MaxPayne - A - 2021",
    "action_flag": 1,
    "change_message": "[{\"added\": {}}]"
  }
},
{
  "model": "admin.logentry",
  "pk": 25,
  "fields": {
    "action_time": "2026-01-26T14:20:39.298Z",
    "user": 10,
    "content_type": 4,
    "object_id": "11",
    "object_repr": "jhock",
    "action_flag": 2,
    "change_message": "[{\"changed\": {\"fields\": [\"Groups\"]}}]"
  }
},
{
  "model": "admin.logentry",
  "pk": 26,
  "fields": {
    "action_time": "2026-01-26T14:20:47.511Z",
    "user": 10,
    "content_type": 4,
    "object_id": "12",
    "object_repr": "paulWine",
    "action_flag": 2,
    "change_message": "[{\"changed\": {\"fields\": [\"Groups\"]}}]"
  }
},
{
  "model": "admin.logentry",
  "pk": 27,
  "fields": {
    "action_time": "2026-01-26T16:18:22.077Z",
    "user": 10,
    "content_type": 4,
    "object_id": "9",
    "object_repr": "MaxPayne",
    "action_flag": 2,
    "change_message": "[{\"changed\": {\"fields\": [\"Groups\"]}}]"
  }
},
{
  "model": "admin.logentry",
  "pk": 28,
  "fields": {
    "action_time": "2026-01-26T17:28:31.945Z",
    "user": 10,
    "content_type": 4,
    "object_id": "6",
    "object_repr": "sdasd",
    "action_flag": 3,
    "change_message": ""
  }
},
{
  "model": "admin.logentry",
  "pk": 29,
  "fields": {
    "action_time": "2026-01-26T17:30:14.843Z",
    "user": 10,
    "content_type": 4,
    "object_id": "1",
    "object_repr": "Mike",
    "action_flag": 3,
    "change_message": ""
  }
},
{
  "model": "admin.logentry",
  "pk": 30,
  "fields": {
    "action_time": "2026-01-26T17:30:23.774Z",
    "user": 10,
    "content_type": 4,
    "object_id": "7",
    "object_repr": "kiki",
    "action_flag": 3,
    "change_message": ""
  }
},
{
  "model": "admin.logentry",
  "pk": 31,
  "fields": {
    "action_time": "2026-01-26T17:30:30.705Z",
    "user": 10,
    "content_type": 4,
    "object_id": "4",
    "object_repr": "mike12",
    "action_flag": 3,
    "change_message": ""
  }
},
{
  "model": "admin.logentry",
  "pk": 32,
  "fields": {
    "action_time": "2026-01-26T17:30:37.722Z",
    "user": 10,
    "content_type": 4,
    "object_id": "3",
    "object_repr": "mike1",
    "action_flag": 3,
    "change_message": ""
  }
},
{
  "model": "admin.logentry",
  "pk": 33,
  "fields": {
    "action_time": "2026-01-26T17:30:52.481Z",
    "user": 10,
    "content_type": 4,
    "object_id": "2",
    "object_repr": "mike",
    "action_flag": 3,
    "change_message": ""
  }
},
{
  "model": "admin.logentry",
  "pk": 34,
  "fields": {
    "action_time": "2026-01-26T17:31:01.864Z",
    "user": 10,
    "content_type": 4,
    "object_id": "5",
    "object_repr": "koks",
    "action_flag": 3,
    "change_message": ""
  }
},
{
  "model": "admin.logentry",
  "pk": 35,
  "fields": {
    "action_time": "2026-01-26T17:31:09.653Z",
    "user": 10,
    "content_type": 4,
    "object_id": "8",
    "object_repr": "koko",
    "action_flag": 3,
    "change_message": ""
  }
},
{
  "model": "admin.logentry",
  "pk": 36,
  "fields": {
    "action_time": "2026-01-28T14:37:36.069Z",
    "user": 10,
    "content_type": 10,
    "object_id": "6",
    "object_repr": "Mathematics - jhock - 2026-01-28 - dvdsdsdds - ssdsdsd - fsddsdsd - A class 2021",
    "action_flag": 3,
    "change_message": ""
  }
},
{
  "model": "admin.logentry",
  "pk": 37,
  "fields": {
    "action_time": "2026-01-28T14:37:40.213Z",
    "user": 10,
    "content_type": 10,
    "object_id": "5",
    "object_repr": "Mathematics - jhock - 2026-01-28 - dvdsdsdds - ssdsdsd - fsddsdsd - A class 2021",
    "action_flag": 3,
    "change_message": ""
  }
},
{
  "model": "admin.logentry",
  "pk": 38,
  "fields": {
    "action_time": "2026-01-28T14:37:45.045Z",
    "user": 10,
    "content_type": 10,
    "object_id": "4",
    "object_repr": "Mathematics - jhock - 2026-01-28 - dvdsdsdds - ssdsdsd - fsddsdsd - A class 2021",
    "action_flag": 3,
    "change_message": ""
  }
},
{
  "model": "admin.logentry",
  "pk": 39,
  "fields": {
    "action_time": "2026-01-28T14:37:49.443Z",
    "user": 10,
    "content_type": 10,
    "object_id": "3",
    "object_repr": "Mathematics - jhock - 2026-01-28 - dvdsdsdds - ssdsdsd - fsddsdsd - A class 2021",
    "action_flag": 3,
    "change_message": ""
  }
},
{
  "model": "admin.logentry",
  "pk": 40,
  "fields": {
    "action_time": "2026-01-28T14:37:53.738Z",
    "user": 10,
    "content_type": 10,
    "object_id": "2",
    "object_repr": "Mathematics - jhock - 2026-01-28 - Algebra - djadjdai - jdiajdajdais - A class 2021",
    "action_flag": 3,
    "change_message": ""
  }
},
{
  "model": "admin.logentry",
  "pk": 41,
  "fields": {
    "action_time": "2026-01-28T14:37:58.231Z",
    "user": 10,
    "content_type": 10,
    "object_id": "1",
    "object_repr": "Mathematics - jhock - 2026-01-28 - Algebra - djadjdai - jdiajdajdais - A class 2021",
    "action_flag": 3,
    "change_message": ""
  }
},
{
  "model": "admin.logentry",
  "pk": 42,
  "fields": {
    "action_time": "2026-01-30T09:29:13.706Z",
    "user": 10,
    "content_type": 4,
    "object_id": "13",
    "object_repr": "TestUser",
    "action_flag": 1,
    "change_message": "[{\"added\": {}}]"
  }
},
{
  "model": "admin.logentry",
  "pk": 43,
  "fields": {
    "action_time": "2026-01-30T10:08:42.528Z",
    "user": 10,
    "content_type": 4,
    "object_id": "13",
    "object_repr": "TestUser",
    "action_flag": 3,
    "change_message": ""
  }
},
{
  "model": "admin.logentry",
  "pk": 44,
  "fields": {
    "action_time": "2026-01-30T12:07:27.488Z",
    "user": 10,
    "content_type": 4,
    "object_id": "14",
    "object_repr": "Misha",
    "action_flag": 2,
    "change_message": "[{\"changed\": {\"fields\": [\"Groups\"]}}]"
  }
},
{
  "model": "admin.logentry",
  "pk": 45,
  "fields": {
    "action_time": "2026-01-30T12:09:57.049Z",
    "user": 10,
    "content_type": 4,
    "object_id": "15",
    "object_repr": "polunin1986@gmail.com",
    "action_flag": 2,
    "change_message": "[{\"changed\": {\"fields\": [\"Groups\"]}}]"
  }
},
{
  "model": "admin.logentry",
  "pk": 46,
  "fields": {
    "action_time": "2026-01-30T12:10:03.124Z",
    "user": 10,
    "content_type": 4,
    "object_id": "14",
    "object_repr": "Misha",
    "action_flag": 3,
    "change_message": ""
  }
},
{
  "model": "admin.logentry",
  "pk": 47,
  "fields": {
    "action_time": "2026-01-30T12:10:45.541Z",
    "user": 10,
    "content_type": 4,
    "object_id": "15",
    "object_repr": "polunin1986@gmail.com",
    "action_flag": 3,
    "change_message": ""
  }
},
{
  "model": "admin.logentry",
  "pk": 48,
  "fields": {
    "action_time": "2026-01-30T12:28:10.631Z",
    "user": 10,
    "content_type": 4,
    "object_id": "16",
    "object_repr": "Weclome",
    "action_flag": 2,
    "change_message": "[{\"changed\": {\"fields\": [\"Groups\"]}}]"
  }
},
{
  "model": "admin.logentry",
  "pk": 49,
  "fields": {
    "action_time": "2026-02-02T13:48:25.765Z",
    "user": 10,
    "content_type": 10,
    "object_id": "7",
    "object_repr": "Mathematics - jhock - 2026-01-28 - Algebra - First - A class 2021",
    "action_flag": 3,
    "change_message": ""
  }
},
{
  "model": "admin.logentry",
  "pk": 50,
  "fields": {
    "action_time": "2026-02-02T13:48:30.309Z",
    "user": 10,
    "content_type": 10,
    "object_id": "8",
    "object_repr": "Mathematics - jhock - 2026-01-28 - Algebra - First - A class 2021",
    "action_flag": 3,
    "change_message": ""
  }
},
{
  "model": "admin.logentry",
  "pk": 51,
  "fields": {
    "action_time": "2026-02-02T13:48:37.111Z",
    "user": 10,
    "content_type": 10,
    "object_id": "9",
    "object_repr": "Art - jhock - 2026-01-28 - ART - ART - A class 2021",
    "action_flag": 3,
    "change_message": ""
  }
},
{
  "model": "admin.logentry",
  "pk": 52,
  "fields": {
    "action_time": "2026-02-02T13:48:41.900Z",
    "user": 10,
    "content_type": 10,
    "object_id": "10",
    "object_repr": "Biology - jhock - 2026-01-29 - M / W - M / W - A class 2021",
    "action_flag": 3,
    "change_message": ""
  }
},
{
  "model": "admin.logentry",
  "pk": 53,
  "fields": {
    "action_time": "2026-02-02T13:48:49.803Z",
    "user": 10,
    "content_type": 10,
    "object_id": "11",
    "object_repr": "Art - jhock - 2026-01-28 - ART - ART - A class 2021",
    "action_flag": 3,
    "change_message": ""
  }
},
{
  "model": "admin.logentry",
  "pk": 54,
  "fields": {
    "action_time": "2026-02-02T13:48:55.601Z",
    "user": 10,
    "content_type": 10,
    "object_id": "12",
    "object_repr": "Art - jhock - 2026-01-28 - ART - ART - A class 2021",
    "action_flag": 3,
    "change_message": ""
  }
},
{
  "model": "admin.logentry",
  "pk": 55,
  "fields": {
    "action_time": "2026-02-02T13:49:01.420Z",
    "user": 10,
    "content_type": 10,
    "object_id": "13",
    "object_repr": "Art - jhock - 2026-01-28 - ART - ART - A class 2021",
    "action_flag": 3,
    "change_message": ""
  }
},
{
  "model": "admin.logentry",
  "pk": 56,
  "fields": {
    "action_time": "2026-02-02T14:29:39.811Z",
    "user": 10,
    "content_type": 4,
    "object_id": "17",
    "object_repr": "Mark",
    "action_flag": 1,
    "change_message": "[{\"added\": {}}]"
  }
},
{
  "model": "admin.logentry",
  "pk": 57,
  "fields": {
    "action_time": "2026-02-02T14:29:45.260Z",
    "user": 10,
    "content_type": 4,
    "object_id": "17",
    "object_repr": "Mark",
    "action_flag": 2,
    "change_message": "[{\"changed\": {\"fields\": [\"Groups\"]}}]"
  }
},
{
  "model": "admin.logentry",
  "pk": 58,
  "fields": {
    "action_time": "2026-02-02T14:29:56.371Z",
    "user": 10,
    "content_type": 4,
    "object_id": "18",
    "object_repr": "Carl",
    "action_flag": 1,
    "change_message": "[{\"added\": {}}]"
  }
},
{
  "model": "admin.logentry",
  "pk": 59,
  "fields": {
    "action_time": "2026-02-02T14:30:03.227Z",
    "user": 10,
    "content_type": 4,
    "object_id": "18",
    "object_repr": "Carl",
    "action_flag": 2,
    "change_message": "[{\"changed\": {\"fields\": [\"Groups\"]}}]"
  }
},
{
  "model": "admin.logentry",
  "pk": 60,
  "fields": {
    "action_time": "2026-02-02T14:32:34.688Z",
    "user": 10,
    "content_type": 13,
    "object_id": "2",
    "object_repr": "Carl - A - 2021",
    "action_flag": 1,
    "change_message": "[{\"added\": {}}]"
  }
},
{
  "model": "admin.logentry",
  "pk": 61,
  "fields": {
    "action_time": "2026-02-02T14:32:42.581Z",
    "user": 10,
    "content_type": 13,
    "object_id": "3",
    "object_repr": "Mark - A - 2021",
    "action_flag": 1,
    "change_message": "[{\"added\": {}}]"
  }
},
{
  "model": "admin.logentry",
  "pk": 62,
  "fields": {
    "action_time": "2026-02-02T14:43:51.491Z",
    "user": 10,
    "content_type": 4,
    "object_id": "18",
    "object_repr": "Carl",
    "action_flag": 2,
    "change_message": "[{\"changed\": {\"fields\": [\"First name\", \"Last name\", \"Email address\"]}}]"
  }
},
{
  "model": "admin.logentry",
  "pk": 63,
  "fields": {
    "action_time": "2026-02-02T14:44:08.327Z",
    "user": 10,
    "content_type": 4,
    "object_id": "17",
    "object_repr": "Mark",
    "action_flag": 2,
    "change_message": "[{\"changed\": {\"fields\": [\"First name\", \"Last name\", \"Email address\"]}}]"
  }
},
{
  "model": "auth.permission",
  "pk": 1,
  "fields": {
    "name": "Can add log entry",
    "content_type": 1,
    "codename": "add_logentry"
  }
},
{
  "model": "auth.permission",
  "pk": 2,
  "fields": {
    "name": "Can change log entry",
    "content_type": 1,
    "codename": "change_logentry"
  }
},
{
  "model": "auth.permission",
  "pk": 3,
  "fields": {
    "name": "Can delete log entry",
    "content_type": 1,
    "codename": "delete_logentry"
  }
},
{
  "model": "auth.permission",
  "pk": 4,
  "fields": {
    "name": "Can view log entry",
    "content_type": 1,
    "codename": "view_logentry"
  }
},
{
  "model": "auth.permission",
  "pk": 5,
  "fields": {
    "name": "Can add permission",
    "content_type": 3,
    "codename": "add_permission"
  }
},
{
  "model": "auth.permission",
  "pk": 6,
  "fields": {
    "name": "Can change permission",
    "content_type": 3,
    "codename": "change_permission"
  }
},
{
  "model": "auth.permission",
  "pk": 7,
  "fields": {
    "name": "Can delete permission",
    "content_type": 3,
    "codename": "delete_permission"
  }
},
{
  "model": "auth.permission",
  "pk": 8,
  "fields": {
    "name": "Can view permission",
    "content_type": 3,
    "codename": "view_permission"
  }
},
{
  "model": "auth.permission",
  "pk": 9,
  "fields": {
    "name": "Can add group",
    "content_type": 2,
    "codename": "add_group"
  }
},
{
  "model": "auth.permission",
  "pk": 10,
  "fields": {
    "name": "Can change group",
    "content_type": 2,
    "codename": "change_group"
  }
},
{
  "model": "auth.permission",
  "pk": 11,
  "fields": {
    "name": "Can delete group",
    "content_type": 2,
    "codename": "delete_group"
  }
},
{
  "model": "auth.permission",
  "pk": 12,
  "fields": {
    "name": "Can view group",
    "content_type": 2,
    "codename": "view_group"
  }
},
{
  "model": "auth.permission",
  "pk": 13,
  "fields": {
    "name": "Can add user",
    "content_type": 4,
    "codename": "add_user"
  }
},
{
  "model": "auth.permission",
  "pk": 14,
  "fields": {
    "name": "Can change user",
    "content_type": 4,
    "codename": "change_user"
  }
},
{
  "model": "auth.permission",
  "pk": 15,
  "fields": {
    "name": "Can delete user",
    "content_type": 4,
    "codename": "delete_user"
  }
},
{
  "model": "auth.permission",
  "pk": 16,
  "fields": {
    "name": "Can view user",
    "content_type": 4,
    "codename": "view_user"
  }
},
{
  "model": "auth.permission",
  "pk": 17,
  "fields": {
    "name": "Can add content type",
    "content_type": 5,
    "codename": "add_contenttype"
  }
},
{
  "model": "auth.permission",
  "pk": 18,
  "fields": {
    "name": "Can change content type",
    "content_type": 5,
    "codename": "change_contenttype"
  }
},
{
  "model": "auth.permission",
  "pk": 19,
  "fields": {
    "name": "Can delete content type",
    "content_type": 5,
    "codename": "delete_contenttype"
  }
},
{
  "model": "auth.permission",
  "pk": 20,
  "fields": {
    "name": "Can view content type",
    "content_type": 5,
    "codename": "view_contenttype"
  }
},
{
  "model": "auth.permission",
  "pk": 21,
  "fields": {
    "name": "Can add session",
    "content_type": 6,
    "codename": "add_session"
  }
},
{
  "model": "auth.permission",
  "pk": 22,
  "fields": {
    "name": "Can change session",
    "content_type": 6,
    "codename": "change_session"
  }
},
{
  "model": "auth.permission",
  "pk": 23,
  "fields": {
    "name": "Can delete session",
    "content_type": 6,
    "codename": "delete_session"
  }
},
{
  "model": "auth.permission",
  "pk": 24,
  "fields": {
    "name": "Can view session",
    "content_type": 6,
    "codename": "view_session"
  }
},
{
  "model": "auth.permission",
  "pk": 25,
  "fields": {
    "name": "Can add school class",
    "content_type": 12,
    "codename": "add_schoolclass"
  }
},
{
  "model": "auth.permission",
  "pk": 26,
  "fields": {
    "name": "Can change school class",
    "content_type": 12,
    "codename": "change_schoolclass"
  }
},
{
  "model": "auth.permission",
  "pk": 27,
  "fields": {
    "name": "Can delete school class",
    "content_type": 12,
    "codename": "delete_schoolclass"
  }
},
{
  "model": "auth.permission",
  "pk": 28,
  "fields": {
    "name": "Can view school class",
    "content_type": 12,
    "codename": "view_schoolclass"
  }
},
{
  "model": "auth.permission",
  "pk": 29,
  "fields": {
    "name": "Can add subject",
    "content_type": 15,
    "codename": "add_subject"
  }
},
{
  "model": "auth.permission",
  "pk": 30,
  "fields": {
    "name": "Can change subject",
    "content_type": 15,
    "codename": "change_subject"
  }
},
{
  "model": "auth.permission",
  "pk": 31,
  "fields": {
    "name": "Can delete subject",
    "content_type": 15,
    "codename": "delete_subject"
  }
},
{
  "model": "auth.permission",
  "pk": 32,
  "fields": {
    "name": "Can view subject",
    "content_type": 15,
    "codename": "view_subject"
  }
},
{
  "model": "auth.permission",
  "pk": 33,
  "fields": {
    "name": "Can add contacts",
    "content_type": 7,
    "codename": "add_contacts"
  }
},
{
  "model": "auth.permission",
  "pk": 34,
  "fields": {
    "name": "Can change contacts",
    "content_type": 7,
    "codename": "change_contacts"
  }
},
{
  "model": "auth.permission",
  "pk": 35,
  "fields": {
    "name": "Can delete contacts",
    "content_type": 7,
    "codename": "delete_contacts"
  }
},
{
  "model": "auth.permission",
  "pk": 36,
  "fields": {
    "name": "Can view contacts",
    "content_type": 7,
    "codename": "view_contacts"
  }
},
{
  "model": "auth.permission",
  "pk": 37,
  "fields": {
    "name": "Can add lesson",
    "content_type": 10,
    "codename": "add_lesson"
  }
},
{
  "model": "auth.permission",
  "pk": 38,
  "fields": {
    "name": "Can change lesson",
    "content_type": 10,
    "codename": "change_lesson"
  }
},
{
  "model": "auth.permission",
  "pk": 39,
  "fields": {
    "name": "Can delete lesson",
    "content_type": 10,
    "codename": "delete_lesson"
  }
},
{
  "model": "auth.permission",
  "pk": 40,
  "fields": {
    "name": "Can view lesson",
    "content_type": 10,
    "codename": "view_lesson"
  }
},
{
  "model": "auth.permission",
  "pk": 41,
  "fields": {
    "name": "Can add grades",
    "content_type": 9,
    "codename": "add_grades"
  }
},
{
  "model": "auth.permission",
  "pk": 42,
  "fields": {
    "name": "Can change grades",
    "content_type": 9,
    "codename": "change_grades"
  }
},
{
  "model": "auth.permission",
  "pk": 43,
  "fields": {
    "name": "Can delete grades",
    "content_type": 9,
    "codename": "delete_grades"
  }
},
{
  "model": "auth.permission",
  "pk": 44,
  "fields": {
    "name": "Can view grades",
    "content_type": 9,
    "codename": "view_grades"
  }
},
{
  "model": "auth.permission",
  "pk": 45,
  "fields": {
    "name": "Can add files",
    "content_type": 8,
    "codename": "add_files"
  }
},
{
  "model": "auth.permission",
  "pk": 46,
  "fields": {
    "name": "Can change files",
    "content_type": 8,
    "codename": "change_files"
  }
},
{
  "model": "auth.permission",
  "pk": 47,
  "fields": {
    "name": "Can delete files",
    "content_type": 8,
    "codename": "delete_files"
  }
},
{
  "model": "auth.permission",
  "pk": 48,
  "fields": {
    "name": "Can view files",
    "content_type": 8,
    "codename": "view_files"
  }
},
{
  "model": "auth.permission",
  "pk": 49,
  "fields": {
    "name": "Can add lesson visits",
    "content_type": 11,
    "codename": "add_lessonvisits"
  }
},
{
  "model": "auth.permission",
  "pk": 50,
  "fields": {
    "name": "Can change lesson visits",
    "content_type": 11,
    "codename": "change_lessonvisits"
  }
},
{
  "model": "auth.permission",
  "pk": 51,
  "fields": {
    "name": "Can delete lesson visits",
    "content_type": 11,
    "codename": "delete_lessonvisits"
  }
},
{
  "model": "auth.permission",
  "pk": 52,
  "fields": {
    "name": "Can view lesson visits",
    "content_type": 11,
    "codename": "view_lessonvisits"
  }
},
{
  "model": "auth.permission",
  "pk": 53,
  "fields": {
    "name": "Can add student class",
    "content_type": 13,
    "codename": "add_studentclass"
  }
},
{
  "model": "auth.permission",
  "pk": 54,
  "fields": {
    "name": "Can change student class",
    "content_type": 13,
    "codename": "change_studentclass"
  }
},
{
  "model": "auth.permission",
  "pk": 55,
  "fields": {
    "name": "Can delete student class",
    "content_type": 13,
    "codename": "delete_studentclass"
  }
},
{
  "model": "auth.permission",
  "pk": 56,
  "fields": {
    "name": "Can view student class",
    "content_type": 13,
    "codename": "view_studentclass"
  }
},
{
  "model": "auth.permission",
  "pk": 57,
  "fields": {
    "name": "Can add student home work",
    "content_type": 14,
    "codename": "add_studenthomework"
  }
},
{
  "model": "auth.permission",
  "pk": 58,
  "fields": {
    "name": "Can change student home work",
    "content_type": 14,
    "codename": "change_studenthomework"
  }
},
{
  "model": "auth.permission",
  "pk": 59,
  "fields": {
    "name": "Can delete student home work",
    "content_type": 14,
    "codename": "delete_studenthomework"
  }
},
{
  "model": "auth.permission",
  "pk": 60,
  "fields": {
    "name": "Can view student home work",
    "content_type": 14,
    "codename": "view_studenthomework"
  }
},
{
  "model": "auth.permission",
  "pk": 61,
  "fields": {
    "name": "Can add parent",
    "content_type": 16,
    "codename": "add_parent"
  }
},
{
  "model": "auth.permission",
  "pk": 62,
  "fields": {
    "name": "Can change parent",
    "content_type": 16,
    "codename": "change_parent"
  }
},
{
  "model": "auth.permission",
  "pk": 63,
  "fields": {
    "name": "Can delete parent",
    "content_type": 16,
    "codename": "delete_parent"
  }
},
{
  "model": "auth.permission",
  "pk": 64,
  "fields": {
    "name": "Can view parent",
    "content_type": 16,
    "codename": "view_parent"
  }
},
{
  "model": "auth.permission",
  "pk": 65,
  "fields": {
    "name": "Can add parents",
    "content_type": 16,
    "codename": "add_parents"
  }
},
{
  "model": "auth.permission",
  "pk": 66,
  "fields": {
    "name": "Can change parents",
    "content_type": 16,
    "codename": "change_parents"
  }
},
{
  "model": "auth.permission",
  "pk": 67,
  "fields": {
    "name": "Can delete parents",
    "content_type": 16,
    "codename": "delete_parents"
  }
},
{
  "model": "auth.permission",
  "pk": 68,
  "fields": {
    "name": "Can view parents",
    "content_type": 16,
    "codename": "view_parents"
  }
},
{
  "model": "auth.group",
  "pk": 1,
  "fields": {
    "name": "Parent",
    "permissions": []
  }
},
{
  "model": "auth.group",
  "pk": 2,
  "fields": {
    "name": "Student",
    "permissions": []
  }
},
{
  "model": "auth.group",
  "pk": 3,
  "fields": {
    "name": "Teacher",
    "permissions": []
  }
},
{
  "model": "auth.user",
  "pk": 9,
  "fields": {
    "password": "pbkdf2_sha256$1200000$81SGsjiFU4cERKb5n0rvIF$SCimOuMGG/WfZoFNTCrFh7PenNZ6/k9VtsWYvO1K2No=",
    "last_login": "2026-01-27T07:53:56.889Z",
    "is_superuser": false,
    "username": "MaxPayne",
    "first_name": "Max",
    "last_name": "Payne",
    "email": "maxpayne@mail.com",
    "is_staff": false,
    "is_active": true,
    "date_joined": "2026-01-23T11:40:48Z",
    "groups": [
      2
    ],
    "user_permissions": []
  }
},
{
  "model": "auth.user",
  "pk": 10,
  "fields": {
    "password": "pbkdf2_sha256$1200000$wHAfCCbYjeetSPy78AqPIJ$ILrVVORbcsKkCOOHtB8YbytPB8Vvu8iH7WVRpPbJjg4=",
    "last_login": "2026-02-02T16:18:38.991Z",
    "is_superuser": true,
    "username": "admin",
    "first_name": "",
    "last_name": "",
    "email": "polunin1986@gmail.com",
    "is_staff": true,
    "is_active": true,
    "date_joined": "2026-01-23T12:08:36.052Z",
    "groups": [],
    "user_permissions": []
  }
},
{
  "model": "auth.user",
  "pk": 11,
  "fields": {
    "password": "pbkdf2_sha256$1200000$Y6ahLpWKV4fenkih0gIoJu$Ezu4tiyl7qqcaEzPv7Df32l5J/nZCjSeyANiEvRFing=",
    "last_login": "2026-02-09T19:21:48.105Z",
    "is_superuser": false,
    "username": "jhock",
    "first_name": "Jonh",
    "last_name": "Hock",
    "email": "jhock@gmail.com",
    "is_staff": false,
    "is_active": true,
    "date_joined": "2026-01-26T14:19:40Z",
    "groups": [
      3
    ],
    "user_permissions": []
  }
},
{
  "model": "auth.user",
  "pk": 12,
  "fields": {
    "password": "pbkdf2_sha256$1200000$9C2j1WDhrdjso189o3cMSH$pn/vk1cFhbje9UFV3ezuvS38Xgd0rcodxErsRW1RYao=",
    "last_login": null,
    "is_superuser": false,
    "username": "paulWine",
    "first_name": "Paul",
    "last_name": "Wine",
    "email": "pw@gmail.com",
    "is_staff": false,
    "is_active": true,
    "date_joined": "2026-01-26T14:20:21Z",
    "groups": [
      1
    ],
    "user_permissions": []
  }
},
{
  "model": "auth.user",
  "pk": 16,
  "fields": {
    "password": "pbkdf2_sha256$1200000$y8AKJnbPlbDrgZQw1YF50K$wiMdXn7DgmCAvGVQXVDxqq7GRJToVaCIWXMowodOdQ8=",
    "last_login": null,
    "is_superuser": false,
    "username": "Weclome",
    "first_name": "Weclome",
    "last_name": "Weclome",
    "email": "test@test.com",
    "is_staff": false,
    "is_active": true,
    "date_joined": "2026-01-30T12:27:44Z",
    "groups": [
      1
    ],
    "user_permissions": []
  }
},
{
  "model": "auth.user",
  "pk": 17,
  "fields": {
    "password": "pbkdf2_sha256$1200000$5GTTcv0YSmB71xOi6rwILv$X42Y4E0SRD8J/zVGlgNghY58GkryJ4Mel+o2MIYIklQ=",
    "last_login": null,
    "is_superuser": false,
    "username": "Mark",
    "first_name": "Mark",
    "last_name": "Markelov",
    "email": "mark@mail.com",
    "is_staff": false,
    "is_active": true,
    "date_joined": "2026-02-02T14:29:38Z",
    "groups": [
      2
    ],
    "user_permissions": []
  }
},
{
  "model": "auth.user",
  "pk": 18,
  "fields": {
    "password": "pbkdf2_sha256$1200000$7I0nGLzzgHZFp0RbcSWoGu$15RM8IVoDdp4QGLrszKR00FZYU3Ss9uKSY0SlkRKKIk=",
    "last_login": null,
    "is_superuser": false,
    "username": "Carl",
    "first_name": "Carl",
    "last_name": "Carlos",
    "email": "carlos@mail.com",
    "is_staff": false,
    "is_active": true,
    "date_joined": "2026-02-02T14:29:55Z",
    "groups": [
      2
    ],
    "user_permissions": []
  }
},
{
  "model": "common.subject",
  "pk": 1,
  "fields": {
    "name": "Mathematics"
  }
},
{
  "model": "common.subject",
  "pk": 2,
  "fields": {
    "name": "Chemistry"
  }
},
{
  "model": "common.subject",
  "pk": 3,
  "fields": {
    "name": "Biology"
  }
},
{
  "model": "common.subject",
  "pk": 4,
  "fields": {
    "name": "Physics"
  }
},
{
  "model": "common.subject",
  "pk": 5,
  "fields": {
    "name": "History"
  }
},
{
  "model": "common.subject",
  "pk": 6,
  "fields": {
    "name": "Geography"
  }
},
{
  "model": "common.subject",
  "pk": 7,
  "fields": {
    "name": "Literature"
  }
},
{
  "model": "common.subject",
  "pk": 8,
  "fields": {
    "name": "English"
  }
},
{
  "model": "common.subject",
  "pk": 9,
  "fields": {
    "name": "Computer Science / Information Technology"
  }
},
{
  "model": "common.subject",
  "pk": 10,
  "fields": {
    "name": "Physical Education (PE)"
  }
},
{
  "model": "common.subject",
  "pk": 11,
  "fields": {
    "name": "Art"
  }
},
{
  "model": "common.subject",
  "pk": 12,
  "fields": {
    "name": "Music"
  }
},
{
  "model": "common.subject",
  "pk": 13,
  "fields": {
    "name": "Social Studies"
  }
},
{
  "model": "common.subject",
  "pk": 14,
  "fields": {
    "name": "Economics"
  }
},
{
  "model": "common.subject",
  "pk": 15,
  "fields": {
    "name": "Civics"
  }
},
{
  "model": "common.schoolclass",
  "pk": 2,
  "fields": {
    "start_year": 2021,
    "letter": "A"
  }
},
{
  "model": "common.studentclass",
  "pk": 1,
  "fields": {
    "student": 9,
    "school_class": 2
  }
},
{
  "model": "common.studentclass",
  "pk": 2,
  "fields": {
    "student": 18,
    "school_class": 2
  }
},
{
  "model": "common.studentclass",
  "pk": 3,
  "fields": {
    "student": 17,
    "school_class": 2
  }
},
{
  "model": "common.lesson",
  "pk": 14,
  "fields": {
    "subject": 3,
    "teacher": 11,
    "lesson_date": "2026-01-29",
    "lesson_name": "M / W",
    "description": "M / W",
    "home_work": "M / W",
    "school_class": 2
  }
},
{
  "model": "common.lesson",
  "pk": 15,
  "fields": {
    "subject": 11,
    "teacher": 11,
    "lesson_date": "2026-01-28",
    "lesson_name": "ART",
    "description": "New music",
    "home_work": "New music",
    "school_class": 2
  }
},
{
  "model": "common.lesson",
  "pk": 16,
  "fields": {
    "subject": 1,
    "teacher": 11,
    "lesson_date": "2026-01-28",
    "lesson_name": "Algebra",
    "description": "Algebra",
    "home_work": "Algebra",
    "school_class": 2
  }
},
{
  "model": "common.lesson",
  "pk": 17,
  "fields": {
    "subject": 3,
    "teacher": 11,
    "lesson_date": "2026-01-29",
    "lesson_name": "M / W",
    "description": "M / W",
    "home_work": "M / W",
    "school_class": 2
  }
},
{
  "model": "common.grades",
  "pk": 1,
  "fields": {
    "student": 17,
    "lesson": 16,
    "teacher": 11,
    "date_grade": "2026-02-09",
    "grade": 4
  }
},
{
  "model": "common.grades",
  "pk": 2,
  "fields": {
    "student": 9,
    "lesson": 16,
    "teacher": 11,
    "date_grade": "2026-02-09",
    "grade": 4
  }
},
{
  "model": "common.grades",
  "pk": 3,
  "fields": {
    "student": 18,
    "lesson": 16,
    "teacher": 11,
    "date_grade": "2026-02-09",
    "grade": 2
  }
},
{
  "model": "common.grades",
  "pk": 4,
  "fields": {
    "student": 9,
    "lesson": 14,
    "teacher": 11,
    "date_grade": "2026-02-09",
    "grade": 3
  }
},
{
  "model": "common.lessonvisits",
  "pk": 13,
  "fields": {
    "student": 9,
    "lesson": 15
  }
},
{
  "model": "common.lessonvisits",
  "pk": 14,
  "fields": {
    "student": 17,
    "lesson": 15
  }
},
{
  "model": "common.lessonvisits",
  "pk": 15,
  "fields": {
    "student": 9,
    "lesson": 15
  }
}
]
